{"mean": [0.021179053756478168, 54.73534201954397, 381.60356825584836, 0.003341081696797839, 0.6307611306951983, 0.3692388693048016], "scale": [0.16550512335787418, 38.54910536457661, 265.4865728829016, 0.1807451930275801, 0.3429894381011578, 0.3429894381011578]}